<?xml version="1.0"?>
<!DOCTYPE service-builder PUBLIC "-//Liferay//DTD Service Builder 7.0.0//EN" "http://www.liferay.com/dtd/liferay-service-builder_7_0_0.dtd">

<service-builder auto-namespace-tables="true" package-path="com.liferay.docs.amf.registration">
    <author>liferay</author>
    <namespace>AR</namespace>

    <entity local-service="true" name="AmfRegistration">

	</entity>

    <entity name="AmfRegistrationLog" table="AMF_REGISTRATION_LOG" local-service="true">
        <column name="logId" type="long" primary="true" id-type="increment"/>
        <column name="dateTime" type="Date" />
        <column name="screenName" type="String" />
        <column name="userId" type="long" />
        <column name="ipAddress" type="String" />
        <column name="eventType" type="String" />
        <column name="additionalInfo" type="String" />

        <order by="desc">
            <order-column name="dateTime"/>
        </order>

        <finder name="UserId" return-type="Collection">
            <finder-column name="userId"/>
        </finder>

        <finder name="EventType" return-type="Collection">
            <finder-column name="eventType"/>
        </finder>

        <finder name="EventTypeAndUserId" return-type="Collection">
            <finder-column name="eventType"/>
            <finder-column name="userId"/>
        </finder>

    </entity>
</service-builder>