<?xml version="1.0"?>
<!DOCTYPE resource-action-mapping PUBLIC "-//Liferay//DTD Resource Action
Mapping 7.0.0//EN" "http://www.liferay.com/dtd/liferay-resource-action-mapping_7_0_0.dtd">

<resource-action-mapping>
    <portlet-resource>
        <portlet-name>com_liferay_docs_amf_event_monitor</portlet-name>
        <permissions>
            <supports>
                <action-key>VIEW</action-key>
                <action-key>VIEW_ALL_USERS</action-key>
            </supports>
            <site-member-defaults>
                <action-key>VIEW</action-key>
            </site-member-defaults>
            <guest-defaults>
            </guest-defaults>
            <guest-unsupported>
                <action-key>VIEW</action-key>
                <action-key>VIEW_ALL_USERS</action-key>
            </guest-unsupported>
        </permissions>
    </portlet-resource>
</resource-action-mapping>