<?xml version="1.0"?>
<!DOCTYPE hibernate-mapping PUBLIC "-//Hibernate/Hibernate Mapping DTD 3.0//EN" "http://hibernate.sourceforge.net/hibernate-mapping-3.0.dtd">

<hibernate-mapping auto-import="false" default-lazy="false">
	<import class="com.liferay.docs.amf.registration.model.AmfRegistrationLog" />
	<class name="com.liferay.docs.amf.registration.model.impl.AmfRegistrationLogImpl" table="AMF_REGISTRATION_LOG">
		<id name="logId" type="long">
			<generator class="increment" />
		</id>
		<property name="dateTime" type="org.hibernate.type.TimestampType" />
		<property name="screenName" type="com.liferay.portal.dao.orm.hibernate.StringType" />
		<property name="userId" type="com.liferay.portal.dao.orm.hibernate.LongType" />
		<property name="ipAddress" type="com.liferay.portal.dao.orm.hibernate.StringType" />
		<property name="eventType" type="com.liferay.portal.dao.orm.hibernate.StringType" />
		<property name="additionalInfo" type="com.liferay.portal.dao.orm.hibernate.StringType" />
	</class>
</hibernate-mapping>